folder	old_name	new_name
C0-Dhyana Shlokas	D1-GY.mp3	D.1-GY.mp3
C0-Dhyana Shlokas	D2-GY.mp3	D.2-GY.mp3
C0-Dhyana Shlokas	D3-GY.mp3	D.3-GY.mp3
C0-Dhyana Shlokas	D4-GY.mp3	D.4-GY.mp3
C0-Dhyana Shlokas	D5-GY.mp3	D.5-GY.mp3
C0-Dhyana Shlokas	D6-GY.mp3	D.6-GY.mp3
C0-Dhyana Shlokas	D7-GY.mp3	D.7-GY.mp3
C0-Dhyana Shlokas	D8-GY.mp3	D.8-GY.mp3
C0-Dhyana Shlokas	D9-GY.mp3	D.9-GY.mp3
C1-Arjuna Vishada Yoga	1.1-GITAYOGA.mp3	1.1-GY.mp3
C1-Arjuna Vishada Yoga	1.10-GITAYOGA.mp3	1.10-GY.mp3
C1-Arjuna Vishada Yoga	1.11-GITAYOGA.mp3	1.11-GY.mp3
C1-Arjuna Vishada Yoga	1.12-GITAYOGA.mp3	1.12-GY.mp3
C1-Arjuna Vishada Yoga	1.13-GITAYOGA.mp3	1.13-GY.mp3
C1-Arjuna Vishada Yoga	1.14-GITAYOGA.mp3	1.14-GY.mp3
C1-Arjuna Vishada Yoga	1.15-GITAYOGA.mp3	1.15-GY.mp3
C1-Arjuna Vishada Yoga	1.16-GITAYOGA.mp3	1.16-GY.mp3
C1-Arjuna Vishada Yoga	1.17-GITAYOGA.mp3	1.17-GY.mp3
C1-Arjuna Vishada Yoga	1.18-GITAYOGA.mp3	1.18-GY.mp3
C1-Arjuna Vishada Yoga	1.19-GITAYOGA.mp3	1.19-GY.mp3
C1-Arjuna Vishada Yoga	1.2-GITAYOGA.mp3	1.2-GY.mp3
C1-Arjuna Vishada Yoga	1.20-GITAYOGA.mp3	1.20-GY.mp3
C1-Arjuna Vishada Yoga	1.21-GITAYOGA.mp3	1.21-GY.mp3
C1-Arjuna Vishada Yoga	1.22-GITAYOGA.mp3	1.22-GY.mp3
C1-Arjuna Vishada Yoga	1.23-GITAYOGA.mp3	1.23-GY.mp3
C1-Arjuna Vishada Yoga	1.24-GITAYOGA.mp3	1.24-GY.mp3
C1-Arjuna Vishada Yoga	1.25-GITAYOGA.mp3	1.25-GY.mp3
C1-Arjuna Vishada Yoga	1.26-GITAYOGA.mp3	1.26-GY.mp3
C1-Arjuna Vishada Yoga	1.27-GITAYOGA.mp3	1.27-GY.mp3
C1-Arjuna Vishada Yoga	1.28-GITAYOGA.mp3	1.28-GY.mp3
C1-Arjuna Vishada Yoga	1.29-GITAYOGA.mp3	1.29-GY.mp3
C1-Arjuna Vishada Yoga	1.3-GITAYOGA.mp3	1.3-GY.mp3
C1-Arjuna Vishada Yoga	1.30-GITAYOGA.mp3	1.30-GY.mp3
C1-Arjuna Vishada Yoga	1.31-GITAYOGA.mp3	1.31-GY.mp3
C1-Arjuna Vishada Yoga	1.32-GITAYOGA.mp3	1.32-GY.mp3
C1-Arjuna Vishada Yoga	1.33-GITAYOGA.mp3	1.33-GY.mp3
C1-Arjuna Vishada Yoga	1.34-GITAYOGA.mp3	1.34-GY.mp3
C1-Arjuna Vishada Yoga	1.35-GITAYOGA.mp3	1.35-GY.mp3
C1-Arjuna Vishada Yoga	1.36-GITAYOGA.mp3	1.36-GY.mp3
C1-Arjuna Vishada Yoga	1.37-GITAYOGA.mp3	1.37-GY.mp3
C1-Arjuna Vishada Yoga	1.38-GITAYOGA.mp3	1.38-GY.mp3
C1-Arjuna Vishada Yoga	1.39-GITAYOGA.mp3	1.39-GY.mp3
C1-Arjuna Vishada Yoga	1.4-GITAYOGA.mp3	1.4-GY.mp3
C1-Arjuna Vishada Yoga	1.40-GITAYOGA.mp3	1.40-GY.mp3
C1-Arjuna Vishada Yoga	1.41-GITAYOGA.mp3	1.41-GY.mp3
C1-Arjuna Vishada Yoga	1.42-GITAYOGA.mp3	1.42-GY.mp3
C1-Arjuna Vishada Yoga	1.43-GITAYOGA.mp3	1.43-GY.mp3
C1-Arjuna Vishada Yoga	1.44-GITAYOGA.mp3	1.44-GY.mp3
C1-Arjuna Vishada Yoga	1.45-GITAYOGA.mp3	1.45-GY.mp3
C1-Arjuna Vishada Yoga	1.46-GITAYOGA.mp3	1.46-GY.mp3
C1-Arjuna Vishada Yoga	1.47-GITAYOGA.mp3	1.47-GY.mp3
C1-Arjuna Vishada Yoga	1.5-GITAYOGA.mp3	1.5-GY.mp3
C1-Arjuna Vishada Yoga	1.6-GITAYOGA.mp3	1.6-GY.mp3
C1-Arjuna Vishada Yoga	1.7-GITAYOGA.mp3	1.7-GY.mp3
C1-Arjuna Vishada Yoga	1.8-GITAYOGA.mp3	1.8-GY.mp3
C1-Arjuna Vishada Yoga	1.9-GITAYOGA.mp3	1.9-GY.mp3
C1-Arjuna Vishada Yoga	1.B-GITAYOGA.mp3	1.B-GY.mp3
C1-Arjuna Vishada Yoga	1.E-GITAYOGA.mp3	1.E-GY.mp3
C2-Sankhya Yoga	2.1-GITAYOGA.mp3	2.1-GY.mp3
C2-Sankhya Yoga	2.2-GITAYOGA.mp3	2.2-GY.mp3
C2-Sankhya Yoga	2.27.mp3	2.27-GY.mp3
C2-Sankhya Yoga	2.28.mp3	2.28-GY.mp3
C2-Sankhya Yoga	2.29.mp3	2.29-GY.mp3
C2-Sankhya Yoga	2.3-GITAYOGA.mp3	2.3-GY.mp3
C2-Sankhya Yoga	2.30.mp3	2.30-GY.mp3
C2-Sankhya Yoga	2.31.mp3	2.31-GY.mp3
C2-Sankhya Yoga	2.32.mp3	2.32-GY.mp3
C2-Sankhya Yoga	2.33.mp3	2.33-GY.mp3
C2-Sankhya Yoga	2.34.mp3	2.34-GY.mp3
C2-Sankhya Yoga	2.4-GITAYOGA.mp3	2.4-GY.mp3
C2-Sankhya Yoga	2.B-GITAYOGA.mp3	2.B-GY.mp3
C4-Jnana Karma Sanyasa Yoga	4.0-GY.mp3	4.B-GY.mp3
C5-Karma Sanyasa Yoga	5.0-GY.mp3	5.B-GY.mp3
C6-Dhyana Yoga	6.0-GY.mp3	6.B-GY.mp3
C7-Jnana Vijnana Yoga	7.0-GY.mp3	7.B-GY.mp3
